"year","sex","age","deaths"
1990,"male",0,208.419959225939
1990,"male",1,68.582898886315
1990,"male",5,16.3780057041946
1990,"male",10,17.4016310607068
1990,"male",15,39.9213889039744
1990,"male",20,52.2048931821204
1990,"male",25,59.1684290581116
1990,"male",30,45.0395156865352
1990,"male",35,56.2993946081691
1990,"male",40,45.0395156865352
1990,"male",45,66.5356481732907
1990,"male",50,67.5592735298029
1990,"male",55,80.866403164461
1990,"male",60,83.9372792339975
1990,"male",65,100.315284938192
1990,"male",70,114.646039929362
1990,"male",75,122.83504278146
1990,"male",80,65.5120228167785
1990,"male",85,119.141691832963
1991,"male",0,143.364094549988
1991,"male",1,38.0646438355053
1991,"male",5,19.2412916685388
1991,"male",10,12.1523947380245
1991,"male",15,26.3301885990531
1991,"male",20,50.634978075102
1991,"male",25,48.609578952098
1991,"male",30,49.6222785136
1991,"male",35,57.7238750056163
1991,"male",40,50.634978075102
1991,"male",45,54.6857763211102
1991,"male",50,64.8127719361306
1991,"male",55,77.9778662356571
1991,"male",60,82.0286644816653
1991,"male",65,114.435050449731
1991,"male",70,124.562046064751
1991,"male",75,94.1810592196898
1991,"male",80,95.1937587811918
1991,"male",85,129.625543872261
1992,"male",0,129.427715315249
1992,"male",1,37.6731605216551
1992,"male",5,17.3092899694091
1992,"male",10,13.2365158589599
1992,"male",15,40.727741104492
1992,"male",20,75.3463210433103
1992,"male",25,45.8187087425535
1992,"male",30,61.091611656738
1992,"male",35,67.2007728224118
1992,"male",40,59.0552246015134
1992,"male",45,57.0188375462888
1992,"male",50,69.2371598776365
1992,"male",55,77.3827080985349
1992,"male",60,82.4736757365964
1992,"male",65,99.7829657060055
1992,"male",70,100.801159233618
1992,"male",75,115.05586862019
1992,"male",80,99.7829657060055
1992,"male",85,150.692642086621
1993,"male",0,107.790081571324
1993,"male",1,30.3452161356826
1993,"male",5,12.1380864542731
1993,"male",10,8.09205763618203
1993,"male",15,34.3912449537736
1993,"male",20,47.5408386125695
1993,"male",25,37.4257665673419
1993,"male",30,47.5408386125695
1993,"male",35,52.5983746351832
1993,"male",40,55.6328962487515
1993,"male",45,59.6789250668425
1993,"male",50,59.6789250668425
1993,"male",55,69.79399711207
1993,"male",60,90.0241412025251
1993,"male",65,104.185242065844
1993,"male",70,104.185242065844
1993,"male",75,111.265792497503
1993,"male",80,107.219763679412
1993,"male",85,149.703066269368
1994,"male",0,128.082967557252
1994,"male",1,29.4794131679389
1994,"male",5,11.1818463740458
1994,"male",10,21.347161259542
1994,"male",15,32.5290076335878
1994,"male",20,60.9918893129771
1994,"male",25,49.8100429389313
1994,"male",30,42.694322519084
1994,"male",35,54.8927003816794
1994,"male",40,47.7769799618321
1994,"male",45,53.8761688931298
1994,"male",50,70.1406727099237
1994,"male",55,68.1076097328244
1994,"male",60,84.3721135496183
1994,"male",65,95.5539599236641
1994,"male",70,135.198687977099
1994,"male",75,94.5374284351145
1994,"male",80,113.851526717557
1994,"male",85,137.231750954198
1995,"male",0,109.221350078493
1995,"male",1,23.6989721868428
1995,"male",5,16.486241521282
1995,"male",10,9.2735108557211
1995,"male",15,38.1244335179645
1995,"male",20,53.5802849441663
1995,"male",25,48.4283344687657
1995,"male",30,43.2763839933651
1995,"male",35,45.3371641835254
1995,"male",40,54.6106750392465
1995,"male",45,60.7930156097272
1995,"male",50,61.8234057048073
1995,"male",55,76.248867035929
1995,"male",60,93.7654986522911
1995,"male",65,87.5831580818104
1995,"male",70,118.494860934214
1995,"male",75,118.494860934214
1995,"male",80,104.069399603092
1995,"male",85,149.406563786618
1996,"male",0,119.903220908582
1996,"male",1,24.4674307623282
1996,"male",5,13.2531916629278
1996,"male",10,10.1947628176367
1996,"male",15,31.6037647346739
1996,"male",20,40.779051270547
1996,"male",25,44.8569563976017
1996,"male",30,38.7400987070196
1996,"male",35,48.9348615246564
1996,"male",40,56.0711954970021
1996,"male",45,54.0322429334747
1996,"male",50,72.3828160052209
1996,"male",55,64.2270057511115
1996,"male",60,87.674960231676
1996,"male",65,87.674960231676
1996,"male",70,123.356630093405
1996,"male",75,109.083962148713
1996,"male",80,101.947628176367
1996,"male",85,179.427825590407
1997,"male",0,87.0983592017738
1997,"male",1,14.1788026607539
1997,"male",5,13.1660310421286
1997,"male",10,11.140487804878
1997,"male",15,29.370376940133
1997,"male",20,39.4980931263858
1997,"male",25,56.7152106430155
1997,"male",30,54.689667405765
1997,"male",35,56.7152106430155
1997,"male",40,40.5108647450111
1997,"male",45,55.7024390243902
1997,"male",50,67.8556984478936
1997,"male",55,72.91955654102
1997,"male",60,103.302705099778
1997,"male",65,90.1366740576497
1997,"male",70,128.62199556541
1997,"male",75,127.609223946785
1997,"male",80,134.698625277162
1997,"male",85,186.349977827051
1998,"male",0,89.5380534159957
1998,"male",1,16.1849969705447
1998,"male",5,10.1156231065904
1998,"male",10,11.1271854172495
1998,"male",15,28.3237446984532
1998,"male",20,28.3237446984532
1998,"male",25,42.2872714965702
1998,"male",30,38.4393678050436
1998,"male",35,46.531866290316
1998,"male",40,63.7284255715197
1998,"male",45,64.7399878821787
1998,"male",50,70.809361746133
1998,"male",55,65.7515501928378
1998,"male",60,77.8902979207463
1998,"male",65,97.1099818232681
1998,"male",70,104.190917997881
1998,"male",75,146.676535045561
1998,"male",80,131.503100385676
1998,"male",85,179.046528986651
1999,"male",0,90.0392509068621
1999,"male",1,22.3673455575591
1999,"male",5,7.11688267740516
1999,"male",10,9.15027772809235
1999,"male",15,31.5176232856514
1999,"male",20,41.6845985390874
1999,"male",25,42.701296064431
1999,"male",30,45.7513886404618
1999,"male",35,39.6512034884002
1999,"male",40,53.8849688432105
1999,"male",45,61.0018515206157
1999,"male",50,65.0686416219901
1999,"male",55,89.4693822302363
1999,"male",60,94.5528698569543
1999,"male",65,105.736542635734
1999,"male",70,112.853425313139
1999,"male",75,117.936912939857
1999,"male",80,122.003703041231
1999,"male",85,187.072344663221
2000,"male",0,98.8557763061074
2000,"male",1,15.2869757174393
2000,"male",5,12.2295805739514
2000,"male",10,9.17218543046358
2000,"male",15,35.6696100073584
2000,"male",20,37.7078734363503
2000,"male",25,41.7844002943341
2000,"male",30,63.1861662987491
2000,"male",35,50.9565857247976
2000,"male",40,51.9757174392936
2000,"male",45,59.1096394407653
2000,"male",50,76.4348785871965
2000,"male",55,80.5114054451803
2000,"male",60,101.913171449595
2000,"male",65,91.7218543046358
2000,"male",70,119.238410596026
2000,"male",75,142.678440029433
2000,"male",80,118.219278881531
2000,"male",85,178.348050036792
2001,"male",0,90.9304823212957
2001,"male",1,13.1344030019649
2001,"male",5,11.1137256170473
2001,"male",10,11.1137256170473
2001,"male",15,24.2481286190122
2001,"male",20,42.4342250832713
2001,"male",25,41.4238863908125
2001,"male",30,47.4859185455655
2001,"male",35,54.5582893927774
2001,"male",40,43.4445637757302
2001,"male",45,64.6616763173658
2001,"male",50,56.5789667776951
2001,"male",55,75.7754019344131
2001,"male",60,101.033869245884
2001,"male",65,104.64951951047
2001,"male",70,149.530126483909
2001,"male",75,142.010952469912
2001,"male",80,106.085562708178
2001,"male",85,187.922996797344
2002,"male",0,69.3714687280394
2002,"male",1,23.4638791286015
2002,"male",5,11.2218552354181
2002,"male",10,13.2621925509487
2002,"male",15,33.6655657062544
2002,"male",20,39.7865776528461
2002,"male",25,52.0286015460295
2002,"male",30,66.3109627547435
2002,"male",35,33.6655657062544
2002,"male",40,59.1697821503865
2002,"male",45,78.5529866479269
2002,"male",50,66.3109627547435
2002,"male",55,78.5529866479269
2002,"male",60,102.016865776528
2002,"male",65,103.037034434294
2002,"male",70,140.783274771609
2002,"male",75,146.904286718201
2002,"male",80,124.460576247365
2002,"male",85,209.134574841883
2003,"male",0,74.0964468331037
2003,"male",1,14.2102774748418
2003,"male",5,4.06007927852623
2003,"male",10,10.1501981963156
2003,"male",15,33.4956540478414
2003,"male",20,38.5707531459992
2003,"male",25,47.7059315226832
2003,"male",30,38.5707531459992
2003,"male",35,42.6308324245254
2003,"male",40,47.7059315226832
2003,"male",45,66.9913080956828
2003,"male",50,67.5738412095583
2003,"male",55,69.0213477349459
2003,"male",60,91.3517837668402
2003,"male",65,113.682219798734
2003,"male",70,138.042695469892
2003,"male",75,132.967596371734
2003,"male",80,119.772338716524
2003,"male",85,200.973924287048
2004,"male",0,78.7224501943525
2004,"male",1,15.1389327296832
2004,"male",5,7.06483527385215
2004,"male",10,14.1296705477043
2004,"male",15,20.1852436395776
2004,"male",20,40.3704872791551
2004,"male",25,39.3612250971763
2004,"male",30,43.3982738250918
2004,"male",35,55.5094200088383
2004,"male",40,60.5557309187327
2004,"male",45,74.685401466437
2004,"male",50,81.7502367402891
2004,"male",55,73.6761392844581
2004,"male",60,87.8058098321624
2004,"male",65,113.037364381634
2004,"male",70,143.315229841001
2004,"male",75,133.784728730162
2004,"male",80,133.222608021212
2004,"male",85,200.843174213797
2005,"male",0,93.0622193713919
2005,"male",1,14.1616420782553
2005,"male",5,5.0577293136626
2005,"male",10,8.09236690186017
2005,"male",15,24.2771007055805
2005,"male",20,26.3001924310455
2005,"male",25,36.4156510583707
2005,"male",30,40.4618345093008
2005,"male",35,47.5426555484285
2005,"male",40,76.8774855676716
2005,"male",45,71.819756254009
2005,"male",50,84.9698524695317
2005,"male",55,92.0506735086594
2005,"male",60,113.293136626042
2005,"male",65,136.55869146889
2005,"male",70,122.397049390635
2005,"male",75,155.778062860808
2005,"male",80,171.962796664529
2005,"male",85,255.921103271328
2006,"male",0,77.6173357343206
2006,"male",1,19.1523295967804
2006,"male",5,9.07215612479072
2006,"male",10,14.1122428607856
2006,"male",15,27.2164683743722
2006,"male",20,37.2966418463619
2006,"male",25,52.4169020543464
2006,"male",30,44.3527632767546
2006,"male",35,56.4489714431423
2006,"male",40,68.5451796095299
2006,"male",45,79.6333704287185
2006,"male",50,83.6654398175144
2006,"male",55,104.833804108693
2006,"male",60,103.825786761494
2006,"male",65,138.098376566259
2006,"male",70,113.905960233483
2006,"male",75,168.338896982228
2006,"male",80,152.69847397649
2006,"male",85,283.25287456291
2007,"male",0,71.192195224988
2007,"male",1,16.1528510174342
2007,"male",5,5.0477659429482
2007,"male",10,13.1241914516653
2007,"male",15,27.2579360919203
2007,"male",20,37.3534679778167
2007,"male",25,38.3630211664063
2007,"male",30,55.5254253724302
2007,"male",35,63.6018508811473
2007,"male",40,85.8120210301194
2007,"male",45,98.9362124817847
2007,"male",50,113.06995712204
2007,"male",55,98.9362124817847
2007,"male",60,113.06995712204
2007,"male",65,135.280127271012
2007,"male",70,128.213254950884
2007,"male",75,155.471191042805
2007,"male",80,152.442531477036
2007,"male",85,269.550701353434
2008,"male",0,70.0571596935769
2008,"male",1,14.2144961697113
2008,"male",5,11.1685327047731
2008,"male",10,15.2298173246906
2008,"male",15,30.4596346493813
2008,"male",20,30.4596346493813
2008,"male",25,38.5822038892163
2008,"male",30,53.8120212139069
2008,"male",35,69.0418385385975
2008,"male",40,64.98055391868
2008,"male",45,81.22569239835
2008,"male",50,87.3176193282263
2008,"male",55,108.639363582793
2008,"male",60,121.838538597525
2008,"male",65,150.267530936948
2008,"male",70,168.543311726576
2008,"male",75,182.757807896288
2008,"male",80,147.221567472009
2008,"male",85,277.182675309369
2009,"male",0,78.2537900056148
2009,"male",1,11.179112857945
2009,"male",5,11.179112857945
2009,"male",10,6.09769792251544
2009,"male",15,25.4070746771477
2009,"male",20,41.6676024705222
2009,"male",25,50.8141493542953
2009,"male",30,58.9444132509826
2009,"male",35,65.042111173498
2009,"male",40,89.4329028635598
2009,"male",45,74.1886580572712
2009,"male",50,101.628298708591
2009,"male",55,103.660864682762
2009,"male",60,152.442448062886
2009,"male",65,160.572711959573
2009,"male",70,166.670409882089
2009,"male",75,182.930937675463
2009,"male",80,150.409882088714
2009,"male",85,279.477821448624
2010,"male",0,69.6019690345961
2010,"male",1,13.2023036392599
2010,"male",5,8.12449454723686
2010,"male",10,6.09337091042764
2010,"male",15,32.4979781889474
2010,"male",20,45.7002818282073
2010,"male",25,48.7469672834211
2010,"male",30,57.8870236490626
2010,"male",35,94.4472491116285
2010,"male",40,86.3227545643916
2010,"male",45,92.4161254748193
2010,"male",50,118.820732753339
2010,"male",55,119.836294571744
2010,"male",60,151.318710942286
2010,"male",65,162.489890944737
2010,"male",70,165.536576399951
2010,"male",75,173.661070947188
2010,"male",80,159.443205489523
2010,"male",85,286.388432790099
2011,"male",0,89.6081871345029
2011,"male",1,15.2741228070175
2011,"male",5,4.07309941520468
2011,"male",10,5.09137426900585
2011,"male",15,39.7127192982456
2011,"male",20,48.8771929824561
2011,"male",25,64.1513157894737
2011,"male",30,74.3340643274854
2011,"male",35,92.6630116959064
2011,"male",40,86.5533625730994
2011,"male",45,119.138157894737
2011,"male",50,108.955409356725
2011,"male",55,140.521929824561
2011,"male",60,146.631578947368
2011,"male",65,177.179824561404
2011,"male",70,175.143274853801
2011,"male",75,177.179824561404
2011,"male",80,166.997076023392
2011,"male",85,320.756578947368
2012,"male",0,81.2427184466019
2012,"male",1,14.2174757281553
2012,"male",5,12.1864077669903
2012,"male",10,11.1708737864078
2012,"male",15,40.621359223301
2012,"male",20,69.0563106796117
2012,"male",25,89.3669902912621
2012,"male",30,107.646601941748
2012,"male",35,110.693203883495
2012,"male",40,100.53786407767
2012,"male",45,90.3825242718447
2012,"male",50,118.817475728155
2012,"male",55,155.376699029126
2012,"male",60,147.252427184466
2012,"male",65,164.516504854369
2012,"male",70,189.904854368932
2012,"male",75,194.982524271845
2012,"male",80,191.935922330097
2012,"male",85,306.691262135922
2013,"male",0,70.4894034536892
2013,"male",1,14.3021978021978
2013,"male",5,2.04317111459969
2013,"male",10,16.3453689167975
2013,"male",15,37.7986656200942
2013,"male",20,61.2951334379906
2013,"male",25,91.9427001569859
2013,"male",30,84.791601255887
2013,"male",35,96.0290423861852
2013,"male",40,113.395996860283
2013,"male",45,103.180141287284
2013,"male",50,120.547095761381
2013,"male",55,156.302590266876
2013,"male",60,149.151491365777
2013,"male",65,195.12284144427
2013,"male",70,191.036499215071
2013,"male",75,197.16601255887
2013,"male",80,206.360282574568
2013,"male",85,345.295918367347
2014,"male",0,79.1707755465641
2014,"male",1,11.6967812468062
2014,"male",5,5.07504971452334
2014,"male",10,6.09005965742801
2014,"male",15,28.4202784013307
2014,"male",20,58.8705766884708
2014,"male",25,54.8105369168521
2014,"male",30,70.0356860604221
2014,"male",35,74.0957258320408
2014,"male",40,88.3058650327062
2014,"male",45,109.621073833704
2014,"male",50,139.05636217794
2014,"male",55,154.28151132151
2014,"male",60,177.626740008317
2014,"male",65,191.836879208982
2014,"male",70,194.881909037696
2014,"male",75,225.332207324836
2014,"male",80,214.167097952885
2014,"male",85,346.118390530492
2015,"male",0,67.3101357882342
2015,"male",1,13.2279049462095
2015,"male",5,12.2103737965011
2015,"male",10,18.3155606947516
2015,"male",15,39.6837148386285
2015,"male",20,47.8239640362959
2015,"male",25,89.5427411743413
2015,"male",30,87.5076788749245
2015,"male",35,113.963488767343
2015,"male",40,123.121269114719
2015,"male",45,128.208924863261
2015,"male",50,125.156331414136
2015,"male",55,178.067951198974
2015,"male",60,181.120544648099
2015,"male",65,185.190669246933
2015,"male",70,242.172413630605
2015,"male",75,241.154882480897
2015,"male",80,266.593161223607
2015,"male",85,441.608518973456
2016,"male",0,58.69247185347
2016,"male",1,10.2969248865737
2016,"male",5,12.3563098638884
2016,"male",10,14.4156948412032
2016,"male",15,56.6330868761553
2016,"male",20,136.94910099143
2016,"male",25,142.097563434717
2016,"male",30,157.542950764577
2016,"male",35,144.156948412032
2016,"male",40,168.869568139808
2016,"male",45,140.038178457402
2016,"male",50,124.592791127542
2016,"male",55,171.958645605781
2016,"male",60,230.651117459251
2016,"male",65,196.671265333557
2016,"male",70,224.472962527306
2016,"male",75,232.710502436565
2016,"male",80,219.324500084019
2016,"male",85,342.887598722904
2017,"male",0,62.1522807017544
2017,"male",1,12.0294736842105
2017,"male",5,5.01228070175439
2017,"male",10,8.01964912280702
2017,"male",15,70.1719298245614
2017,"male",20,120.294736842105
2017,"male",25,151.370877192982
2017,"male",30,176.432280701754
2017,"male",35,174.427368421053
2017,"male",40,168.412631578947
2017,"male",45,144.353684210526
2017,"male",50,165.405263157895
2017,"male",55,168.412631578947
2017,"male",60,187.459298245614
2017,"male",65,237.582105263158
2017,"male",70,228.56
2017,"male",75,234.574736842105
2017,"male",80,202.496140350877
2017,"male",85,339.832631578947
2018,"male",0,66.0939501779359
2018,"male",1,14.0199288256228
2018,"male",5,9.01281138790036
2018,"male",10,10.0142348754448
2018,"male",15,58.0825622775801
2018,"male",20,123.175088967972
2018,"male",25,164.233451957295
2018,"male",30,162.230604982206
2018,"male",35,177.251957295374
2018,"male",40,147.209252669039
2018,"male",45,166.236298932384
2018,"male",50,167.237722419929
2018,"male",55,171.243416370107
2018,"male",60,223.31743772242
2018,"male",65,201.286120996441
2018,"male",70,226.321708185053
2018,"male",75,207.294661921708
2018,"male",80,211.300355871886
2018,"male",85,308.438434163701
2019,"male",0,46.0833333333333
2019,"male",1,11.0199275362319
2019,"male",5,6.01086956521739
2019,"male",10,7.01268115942029
2019,"male",15,56.1014492753623
2019,"male",20,124.224637681159
2019,"male",25,146.264492753623
2019,"male",30,139.251811594203
2019,"male",35,126.228260869565
2019,"male",40,154.278985507246
2019,"male",45,152.275362318841
2019,"male",50,162.29347826087
2019,"male",55,202.365942028986
2019,"male",60,234.423913043478
2019,"male",65,194.351449275362
2019,"male",70,216.391304347826
2019,"male",75,238.43115942029
2019,"male",80,186.336956521739
2019,"male",85,361.653985507246
2020,"male",0,61.0660173160173
2020,"male",1,7.00757575757576
2020,"male",5,4.004329004329
2020,"male",10,4.004329004329
2020,"male",15,59.0638528138528
2020,"male",20,96.1038961038961
2020,"male",25,160.17316017316
2020,"male",30,149.161255411255
2020,"male",35,167.180735930736
2020,"male",40,173.187229437229
2020,"male",45,207.224025974026
2020,"male",50,213.230519480519
2020,"male",55,264.285714285714
2020,"male",60,326.352813852814
2020,"male",65,336.363636363636
2020,"male",70,374.404761904762
2020,"male",75,321.347402597403
2020,"male",80,344.372294372294
2020,"male",85,431.46645021645
2021,"male",0,49.6880971013075
2021,"male",1,11.0232417098699
2021,"male",5,9.01901594443901
2021,"male",10,8.01690306172356
2021,"male",15,50.1056441357723
2021,"male",20,123.259884574
2021,"male",25,158.33383546904
2021,"male",30,155.327496820894
2021,"male",35,187.395109067788
2021,"male",40,200.422576543089
2021,"male",45,205.433140956666
2021,"male",50,277.585268512178
2021,"male",55,315.665558055365
2021,"male",60,389.821911376308
2021,"male",65,436.921216863934
2021,"male",70,421.889523623203
2021,"male",75,388.819798493593
2021,"male",80,358.756412012129
2021,"male",85,521.098699012032
2022,"male",0,49.8270464471947
2022,"male",1,4.02424257020331
2022,"male",5,3.01818192765248
2022,"male",10,12.0727277106099
2022,"male",15,85.5151546168203
2022,"male",20,127.769701603955
2022,"male",25,177.066673088946
2022,"male",30,170.02424859109
2022,"male",35,157.95152088048
2022,"male",40,180.084855016598
2022,"male",45,193.163643369759
2022,"male",50,208.254553008021
2022,"male",55,230.387887144139
2022,"male",60,280.690919271681
2022,"male",65,270.630312846173
2022,"male",70,324.957587543917
2022,"male",75,282.703040556782
2022,"male",80,293.769707624841
2022,"male",85,434.067133935146
2023,"male",0,54.0968031072602
2023,"male",1,7.01254855094114
2023,"male",5,7.01254855094114
2023,"male",10,9.01613385121004
2023,"male",15,58.103973707798
2023,"male",20,122.218703316403
2023,"male",25,147.263519569764
2023,"male",30,196.351359426352
2023,"male",35,160.286824021512
2023,"male",40,167.299372572453
2023,"male",45,186.333432925007
2023,"male",50,193.345981475949
2023,"male",55,244.437406632806
2023,"male",60,260.466089034957
2023,"male",65,303.543172990738
2023,"male",70,302.541380340604
2023,"male",75,296.530624439797
2023,"male",80,270.484015536301
2023,"male",85,366.656109949208
2024,"male",0,46.05458320973
2024,"male",1,9.01067932364284
2024,"male",5,5.00593295757935
2024,"male",10,13.0154256897063
2024,"male",15,69.0818748145951
2024,"male",20,107.126965292198
2024,"male",25,162.192227825571
2024,"male",30,147.174428952833
2024,"male",35,146.173242361317
2024,"male",40,183.217146247404
2024,"male",45,195.231385345595
2024,"male",50,203.240878077722
2024,"male",55,213.25274399288
2024,"male",60,285.338178582023
2024,"male",65,289.342924948087
2024,"male",70,297.352417680214
2024,"male",75,306.363097003856
2024,"male",80,284.336991990507
2024,"male",85,412.488875704539
1990,"female",0,131.051468069108
1990,"female",1,67.3396891775651
1990,"female",5,26.1318196808462
1990,"female",10,17.0861897913225
1990,"female",15,12.0608398526982
1990,"female",20,8.04055990179882
1990,"female",25,14.2691626426289
1990,"female",30,18.0912597790473
1990,"female",35,14.0709798281479
1990,"female",40,16.0811198035976
1990,"female",45,22.1115397299468
1990,"female",50,52.2636393616923
1990,"female",55,46.2332194353432
1990,"female",60,35.1774495703698
1990,"female",65,57.2889893003166
1990,"female",70,79.4005290302634
1990,"female",75,106.537418698834
1990,"female",80,86.4360189443373
1990,"female",85,181.523788999225
1991,"female",0,109.121582135743
1991,"female",1,26.5802468288038
1991,"female",5,10.063434796963
1991,"female",10,14.0888087157482
1991,"female",15,16.1014956751408
1991,"female",20,23.1459000330148
1991,"female",25,17.1078391548371
1991,"female",30,8.05074783757038
1991,"female",35,24.1522435127111
1991,"female",40,31.1966478705852
1991,"female",45,30.1903043908889
1991,"female",50,38.2410522284593
1991,"female",55,36.2283652690667
1991,"female",60,63.3996392208667
1991,"female",65,85.5391957741853
1991,"female",70,80.5074783757038
1991,"female",75,101.640691449326
1991,"female",80,98.6216610102371
1991,"female",85,181.141826345333
1992,"female",0,102.139633278076
1992,"female",1,29.3606647589698
1992,"female",5,10.1243671582655
1992,"female",10,7.08705701078582
1992,"female",15,24.2984811798371
1992,"female",20,15.1865507373982
1992,"female",25,8.09949372661237
1992,"female",30,13.1616773057451
1992,"female",35,17.2114241690513
1992,"female",40,19.2362976007044
1992,"female",45,32.3979749064495
1992,"female",50,38.4725952014088
1992,"female",55,37.4601584855822
1992,"female",60,62.7710763812459
1992,"female",65,91.1193044243892
1992,"female",70,96.1814880035219
1992,"female",75,96.1814880035219
1992,"female",80,103.268545014308
1992,"female",85,173.126678406339
1993,"female",0,83.0789909953363
1993,"female",1,28.21833840492
1993,"female",5,10.0779780017571
1993,"female",10,10.0779780017571
1993,"female",15,11.0857758019329
1993,"female",20,12.0935736021086
1993,"female",25,20.1559560035143
1993,"female",30,18.1403604031629
1993,"female",35,21.16375380369
1993,"female",40,21.16375380369
1993,"female",45,36.2807208063257
1993,"female",50,36.2807208063257
1993,"female",55,63.49126141107
1993,"female",60,56.43667680984
1993,"female",65,64.4990592112457
1993,"female",70,93.7251954163414
1993,"female",75,98.76418441722
1993,"female",80,95.7407910166929
1993,"female",85,167.294434829169
1994,"female",0,86.0367943548387
1994,"female",1,29.3537298387097
1994,"female",5,14.1707661290323
1994,"female",10,3.03659274193548
1994,"female",15,8.09758064516129
1994,"female",20,9.10977822580645
1994,"female",25,10.1219758064516
1994,"female",30,15.1829637096774
1994,"female",35,24.2927419354839
1994,"female",40,25.304939516129
1994,"female",45,27.3293346774194
1994,"female",50,26.3171370967742
1994,"female",55,45.5488911290323
1994,"female",60,63.7684475806452
1994,"female",65,70.8538306451613
1994,"female",70,100.207560483871
1994,"female",75,92.1099798387097
1994,"female",80,118.427116935484
1994,"female",85,172.073588709677
1995,"female",0,96.4417942328231
1995,"female",1,32.4856570047404
1995,"female",5,13.1972981581758
1995,"female",10,4.06070712559255
1995,"female",15,13.1972981581758
1995,"female",20,13.1972981581758
1995,"female",25,17.2580052837683
1995,"female",30,21.3187124093609
1995,"female",35,20.3035356279628
1995,"female",40,27.4097730977497
1995,"female",45,32.4856570047404
1995,"female",50,36.546364130333
1995,"female",55,50.7588390699069
1995,"female",60,60.9106068838883
1995,"female",65,83.2444960746473
1995,"female",70,94.4114406700268
1995,"female",75,92.3810871072305
1995,"female",80,106.593562046804
1995,"female",85,206.080886623822
1996,"female",0,75.1492984618857
1996,"female",1,23.2355622285377
1996,"female",5,6.06145101614028
1996,"female",10,8.08193468818703
1996,"female",15,12.1229020322806
1996,"female",20,8.08193468818703
1996,"female",25,11.1126601962572
1996,"female",30,17.1741112123974
1996,"female",35,25.2560459005845
1996,"female",40,17.1741112123974
1996,"female",45,25.2560459005845
1996,"female",50,37.378947932865
1996,"female",55,51.5223336371923
1996,"female",60,61.6247519974261
1996,"female",65,78.7988632098236
1996,"female",70,79.809105045847
1996,"female",75,125.269987666899
1996,"female",80,100.013941766315
1996,"female",85,223.263445761167
1997,"female",0,79.7469649805447
1997,"female",1,19.1796498054475
1997,"female",5,9.08509727626459
1997,"female",10,4.03782101167315
1997,"female",15,8.0756420233463
1997,"female",20,11.1040077821012
1997,"female",25,12.1134630350195
1997,"female",30,24.2269260700389
1997,"female",35,19.1796498054475
1997,"female",40,21.198560311284
1997,"female",45,33.3120233463035
1997,"female",50,55.5200389105058
1997,"female",55,43.4065758754864
1997,"female",60,73.690233463035
1997,"female",65,88.8320622568093
1997,"female",70,110.030622568093
1997,"female",75,101.954980544747
1997,"female",80,113.058988326848
1997,"female",85,209.966692607004
1998,"female",0,84.1265387316727
1998,"female",1,21.1612777098232
1998,"female",5,4.03071956377585
1998,"female",10,8.06143912755171
1998,"female",15,11.0844788003836
1998,"female",20,9.06911901849567
1998,"female",25,10.2743832017816
1998,"female",30,13.0998385822715
1998,"female",35,21.1612777098232
1998,"female",40,30.2303967283189
1998,"female",45,40.3071956377585
1998,"female",50,51.3916744381421
1998,"female",55,64.4915130204137
1998,"female",60,65.4991929113576
1998,"female",65,94.7219097487326
1998,"female",70,85.6527907302369
1998,"female",75,102.783348876284
1998,"female",80,114.875507567612
1998,"female",85,217.658856443896
1999,"female",0,70.1391753245285
1999,"female",1,16.1612188970112
1999,"female",5,2.0201523621264
1999,"female",10,9.09068562956878
1999,"female",15,8.08060944850558
1999,"female",20,11.1108379916952
1999,"female",25,5.05038090531599
1999,"female",30,16.1612188970112
1999,"female",35,19.1914474402008
1999,"female",40,25.2519045265799
1999,"female",45,26.2619807076431
1999,"female",50,41.4131234235911
1999,"female",55,55.5541899584759
1999,"female",60,62.6247232259182
1999,"female",65,89.8967801146246
1999,"female",70,87.8766277524982
1999,"female",75,118.178913184394
1999,"female",80,101.00761810632
1999,"female",85,237.367902549851
2000,"female",0,71.0294117647059
2000,"female",1,12.1764705882353
2000,"female",5,12.1764705882353
2000,"female",10,11.1617647058824
2000,"female",15,12.1764705882353
2000,"female",20,9.13235294117647
2000,"female",25,13.1911764705882
2000,"female",30,8.11764705882353
2000,"female",35,25.3676470588235
2000,"female",40,18.2647058823529
2000,"female",45,31.4558823529412
2000,"female",50,42.6176470588235
2000,"female",55,47.6911764705882
2000,"female",60,78.1323529411765
2000,"female",65,81.1764705882353
2000,"female",70,102.485294117647
2000,"female",75,123.794117647059
2000,"female",80,120.75
2000,"female",85,214.102941176471
2001,"female",0,66.3663737103839
2001,"female",1,18.099920102832
2001,"female",5,5.02775558411999
2001,"female",10,10.05551116824
2001,"female",15,9.04996005141598
2001,"female",20,18.099920102832
2001,"female",25,9.04996005141598
2001,"female",30,16.088817869184
2001,"female",35,24.1332268037759
2001,"female",40,27.1498801542479
2001,"female",45,41.2275957897839
2001,"female",50,52.2886580748479
2001,"female",55,57.3164136589679
2001,"female",60,59.3275158926159
2001,"female",65,75.8400210301246
2001,"female",70,113.627276201112
2001,"female",75,112.060859919525
2001,"female",80,119.660582902056
2001,"female",85,252.393330322823
2002,"female",0,50.5936293436293
2002,"female",1,12.142471042471
2002,"female",5,8.09498069498069
2002,"female",10,7.08310810810811
2002,"female",15,7.08310810810811
2002,"female",20,18.2137065637066
2002,"female",25,6.07123552123552
2002,"female",30,10.1187258687259
2002,"female",35,17.201833976834
2002,"female",40,27.3205598455598
2002,"female",45,41.4867760617761
2002,"female",50,61.7242277992278
2002,"female",55,59.7004826254826
2002,"female",60,52.6173745173745
2002,"female",65,88.0329150579151
2002,"female",70,84.9972972972973
2002,"female",75,114.341602316602
2002,"female",80,138.626544401544
2002,"female",85,242.849420849421
2003,"female",0,60.6657875269371
2003,"female",1,7.07767521147599
2003,"female",5,9.09986812904056
2003,"female",10,5.05548229391142
2003,"female",15,13.1442539641697
2003,"female",20,19.2108327168634
2003,"female",25,10.1109645878228
2003,"female",30,13.1442539641697
2003,"female",35,15.1664468817343
2003,"female",40,30.3328937634685
2003,"female",45,34.3772795985977
2003,"female",50,49.9745414932044
2003,"female",55,62.6879804445016
2003,"female",60,60.6657875269371
2003,"female",65,83.9210060789296
2003,"female",70,89.9875848316233
2003,"female",75,104.142935254575
2003,"female",80,132.453636100479
2003,"female",85,292.20687658808
2004,"female",0,61.2086463316953
2004,"female",1,14.0478860433399
2004,"female",5,8.02736345333709
2004,"female",10,4.01368172666854
2004,"female",15,13.0444656116728
2004,"female",20,8.02736345333709
2004,"female",25,18.0615677700084
2004,"female",30,19.0649882016756
2004,"female",35,30.1026129500141
2004,"female",40,25.0855107916784
2004,"female",45,43.1470785616868
2004,"female",50,53.1812828783582
2004,"female",55,60.2052259000281
2004,"female",60,84.2873162600394
2004,"female",65,92.3146797133765
2004,"female",70,103.352304461715
2004,"female",75,105.803698680851
2004,"female",80,136.46517870673
2004,"female",85,294.002186478471
2005,"female",0,65.2209005947324
2005,"female",1,13.0441801189465
2005,"female",5,8.02718776550552
2005,"female",10,7.02378929481733
2005,"female",15,10.0339847068819
2005,"female",20,10.0339847068819
2005,"female",25,12.0407816482583
2005,"female",30,24.0815632965166
2005,"female",35,22.0747663551402
2005,"female",40,27.0917587085811
2005,"female",45,31.1053525913339
2005,"female",50,48.1631265930331
2005,"female",55,65.2209005947324
2005,"female",60,68.2310960067969
2005,"female",65,111.377230246389
2005,"female",70,115.390824129142
2005,"female",75,120.407816482583
2005,"female",80,150.509770603229
2005,"female",85,271.9209855565
2006,"female",0,73.1222252333715
2006,"female",1,11.018417500919
2006,"female",5,5.00837159132682
2006,"female",10,8.01339454612291
2006,"female",15,12.0200918191844
2006,"female",20,13.0217661374497
2006,"female",25,21.0351606835726
2006,"female",30,21.0351606835726
2006,"female",35,14.0234404557151
2006,"female",40,25.0418579566341
2006,"female",45,32.0535781844916
2006,"female",50,59.0987847776564
2006,"female",55,54.0904131863296
2006,"female",60,87.1456656890866
2006,"female",65,96.1607345534749
2006,"female",70,102.170780463067
2006,"female",75,120.200918191844
2006,"female",80,161.786454872905
2006,"female",85,280.468809114302
2007,"female",0,65.5985509915031
2007,"female",1,14.0250295671879
2007,"female",5,9.01609043604935
2007,"female",10,6.01072695736623
2007,"female",15,6.01072695736623
2007,"female",20,14.0250295671879
2007,"female",25,15.0268173934156
2007,"female",30,10.0178782622771
2007,"female",35,28.0500591343757
2007,"female",40,28.0500591343757
2007,"female",45,37.0661495704251
2007,"female",50,55.0983304425238
2007,"female",55,77.1376626195333
2007,"female",60,85.1519652293549
2007,"female",65,70.1251478359394
2007,"female",70,116.207387842414
2007,"female",75,137.244932193196
2007,"female",80,128.228841757146
2007,"female",85,284.507742648668
2008,"female",0,66.3502653525398
2008,"female",1,13.0689916603487
2008,"female",5,6.03184230477635
2008,"female",10,5.02653525398029
2008,"female",15,12.0636846095527
2008,"female",20,18.095526914329
2008,"female",25,12.0636846095527
2008,"female",30,21.1114480667172
2008,"female",35,18.095526914329
2008,"female",40,36.1910538286581
2008,"female",45,47.2494313874147
2008,"female",50,76.4033358605004
2008,"female",55,77.4086429112964
2008,"female",60,90.4776345716452
2008,"female",65,84.4457922668688
2008,"female",70,124.658074298711
2008,"female",75,144.764215314632
2008,"female",80,155.822592873389
2008,"female",85,316.671721000758
2009,"female",0,70.2715283165244
2009,"female",1,18.0698215671063
2009,"female",5,7.02715283165244
2009,"female",10,3.01163692785105
2009,"female",15,12.0465477114042
2009,"female",20,15.0581846392552
2009,"female",25,16.0620636152056
2009,"female",30,19.0737005430566
2009,"female",35,18.0698215671063
2009,"female",40,33.1280062063615
2009,"female",45,40.155159038014
2009,"female",50,52.2017067494182
2009,"female",55,71.2754072924748
2009,"female",60,78.3025601241272
2009,"female",65,113.438324282389
2009,"female",70,114.44220325834
2009,"female",75,133.515903801396
2009,"female",80,140.543056633049
2009,"female",85,338.307214895268
2010,"female",0,59.5091609651539
2010,"female",1,15.0112488928255
2010,"female",5,5.00374963094184
2010,"female",10,7.00524948331857
2010,"female",15,8.00599940950694
2010,"female",20,12.0089991142604
2010,"female",25,15.0112488928255
2010,"female",30,26.0194980808975
2010,"female",35,22.0164983761441
2010,"female",40,31.0232477118394
2010,"female",45,44.0329967522882
2010,"female",50,44.0329967522882
2010,"female",55,72.0539946855624
2010,"female",60,95.0712429878949
2010,"female",65,114.085491585474
2010,"female",70,121.090741068792
2010,"female",75,152.113988780632
2010,"female",80,145.108739297313
2010,"female",85,346.259474461175
2011,"female",0,68.1473828703537
2011,"female",1,7.01517176606582
2011,"female",5,7.01517176606582
2011,"female",10,8.01733916121808
2011,"female",15,13.0281761369794
2011,"female",20,14.0303435321316
2011,"female",25,28.0606870642633
2011,"female",30,33.0715240400246
2011,"female",35,23.049850088502
2011,"female",40,28.0606870642633
2011,"female",45,45.0975327818517
2011,"female",50,55.1192067333743
2011,"female",55,74.1603872412672
2011,"female",60,88.1907307733988
2011,"female",65,115.24925044251
2011,"female",70,157.340281038905
2011,"female",75,177.38362894195
2011,"female",80,160.346783224362
2011,"female",85,357.773760069357
2012,"female",0,51.2814717477004
2012,"female",1,14.0772667542707
2012,"female",5,7.03863337713535
2012,"female",10,8.04415243101183
2012,"female",15,15.0827858081472
2012,"female",20,17.0938239159001
2012,"female",25,14.0772667542707
2012,"female",30,24.1324572930355
2012,"female",35,38.2097240473062
2012,"female",40,44.242838370565
2012,"female",45,52.2869908015769
2012,"female",50,81.4470433639947
2012,"female",55,91.5022339027595
2012,"female",60,104.573981603154
2012,"female",65,128.706438896189
2012,"female",70,168.927201051248
2012,"female",75,137.756110381078
2012,"female",80,163.899605781866
2012,"female",85,368.019973718791
2013,"female",0,39.1883561643836
2013,"female",1,15.0724446786091
2013,"female",5,7.03380751668423
2013,"female",10,8.03863716192483
2013,"female",15,18.0869336143309
2013,"female",20,11.0531260976466
2013,"female",25,19.0917632595715
2013,"female",30,27.1304004214963
2013,"female",35,30.1448893572181
2013,"female",40,31.1497190024587
2013,"female",45,46.2221636810678
2013,"female",50,76.3670530382859
2013,"female",55,94.4539866526168
2013,"female",60,107.516772040745
2013,"female",65,111.536090621707
2013,"female",70,153.738935721812
2013,"female",75,164.792061819459
2013,"female",80,174.840358271865
2013,"female",85,404.946347031963
2014,"female",0,48.0318552682211
2014,"female",1,10.4831430148895
2014,"female",5,3.00199095426382
2014,"female",10,12.0079638170553
2014,"female",15,14.0092911198978
2014,"female",20,15.0099547713191
2014,"female",25,21.0139366798467
2014,"female",30,26.0172549369531
2014,"female",35,25.0165912855318
2014,"female",40,45.0298643139573
2014,"female",45,47.0311916167999
2014,"female",50,63.0418100395402
2014,"female",55,79.0524284622806
2014,"female",60,136.090256593293
2014,"female",65,133.088265639029
2014,"female",70,139.092247547557
2014,"female",75,152.100875016034
2014,"female",80,193.128084724306
2014,"female",85,391.259487705718
2015,"female",0,48.9626780476776
2015,"female",1,11.0254726110984
2015,"female",5,5.01157845959019
2015,"female",10,7.01620984342627
2015,"female",15,7.01620984342627
2015,"female",20,22.0509452221969
2015,"female",25,20.0463138383608
2015,"female",30,24.0555766060329
2015,"female",35,33.0764178332953
2015,"female",40,46.1065218282298
2015,"female",45,37.0856806009674
2015,"female",50,74.1713612019349
2015,"female",55,99.2292534998858
2015,"female",60,138.319565484689
2015,"female",65,149.345038095788
2015,"female",70,172.398299009903
2015,"female",75,213.493242378542
2015,"female",80,214.49555807046
2015,"female",85,482.113847812577
2016,"female",0,64.483692707769
2016,"female",1,14.1058077798245
2016,"female",5,4.03023079423556
2016,"female",10,3.02267309567667
2016,"female",15,18.13603857406
2016,"female",20,26.1965001625312
2016,"female",25,39.2947502437967
2016,"female",30,22.1662693682956
2016,"female",35,31.2342886553256
2016,"female",40,46.347654133709
2016,"female",45,53.4005580236212
2016,"female",50,77.5819427890346
2016,"female",55,112.846462238596
2016,"female",60,110.831346841478
2016,"female",65,135.012731606891
2016,"female",70,155.163885578069
2016,"female",75,187.405731931954
2016,"female",80,189.420847329071
2016,"female",85,400.000406327879
2017,"female",0,45.0780346820809
2017,"female",1,10.0173410404624
2017,"female",5,4.00693641618497
2017,"female",10,12.0208092485549
2017,"female",15,18.0312138728324
2017,"female",20,28.0485549132948
2017,"female",25,31.0537572254335
2017,"female",30,26.0450867052023
2017,"female",35,28.0485549132948
2017,"female",40,50.0867052023121
2017,"female",45,62.1075144508671
2017,"female",50,81.1404624277457
2017,"female",55,89.1543352601156
2017,"female",60,148.256647398844
2017,"female",65,156.270520231214
2017,"female",70,159.275722543353
2017,"female",75,188.326011560694
2017,"female",80,187.324277456647
2017,"female",85,408.707514450867
2018,"female",0,35
2018,"female",1,8
2018,"female",5,7
2018,"female",10,6
2018,"female",15,14
2018,"female",20,23
2018,"female",25,29
2018,"female",30,35
2018,"female",35,37
2018,"female",40,59
2018,"female",45,64
2018,"female",50,65
2018,"female",55,116
2018,"female",60,152
2018,"female",65,139
2018,"female",70,170
2018,"female",75,194
2018,"female",80,177
2018,"female",85,415
2019,"female",0,34.0762331838565
2019,"female",1,17.0381165919283
2019,"female",5,8.01793721973094
2019,"female",10,5.01121076233184
2019,"female",15,14.0313901345291
2019,"female",20,33.0739910313901
2019,"female",25,36.0807174887892
2019,"female",30,30.067264573991
2019,"female",35,31.0695067264574
2019,"female",40,44.0986547085202
2019,"female",45,74.1659192825112
2019,"female",50,80.1793721973094
2019,"female",55,92.2062780269058
2019,"female",60,133.298206278027
2019,"female",65,158.354260089686
2019,"female",70,154.345291479821
2019,"female",75,197.441704035874
2019,"female",80,205.459641255605
2019,"female",85,439.984304932735
2020,"female",0,37
2020,"female",1,7
2020,"female",5,6
2020,"female",10,2
2020,"female",15,27
2020,"female",20,23
2020,"female",25,26
2020,"female",30,37
2020,"female",35,45
2020,"female",40,79
2020,"female",45,84
2020,"female",50,125
2020,"female",55,150
2020,"female",60,206
2020,"female",65,212
2020,"female",70,260
2020,"female",75,259
2020,"female",80,294
2020,"female",85,488
2021,"female",0,35.4166666666667
2021,"female",1,5
2021,"female",5,10
2021,"female",10,10
2021,"female",15,18
2021,"female",20,20
2021,"female",25,35
2021,"female",30,47
2021,"female",35,59
2021,"female",40,65
2021,"female",45,114
2021,"female",50,149
2021,"female",55,199
2021,"female",60,231
2021,"female",65,290
2021,"female",70,326
2021,"female",75,318
2021,"female",80,312
2021,"female",85,603
2022,"female",0,44.55372126623
2022,"female",1,12.0217487749305
2022,"female",5,4.00724959164351
2022,"female",10,8.01449918328703
2022,"female",15,18.0326231623958
2022,"female",20,24.0434975498611
2022,"female",25,44.0797455080787
2022,"female",30,33.059809131059
2022,"female",35,64.1159934662962
2022,"female",40,65.1178058642071
2022,"female",45,77.1395546391376
2022,"female",50,89.1613034140682
2022,"female",55,125.22654973886
2022,"female",60,163.295420859473
2022,"female",65,185.335293613513
2022,"female",70,202.366104377997
2022,"female",75,276.500221823402
2022,"female",80,251.454911875631
2022,"female",85,523.494808405921
2023,"female",0,44.0786767992848
2023,"female",1,4.00715243629861
2023,"female",5,6.01072865444792
2023,"female",10,7.01251676352257
2023,"female",15,17.0303978542691
2023,"female",20,35.0625838176129
2023,"female",25,34.0607957085382
2023,"female",30,41.0733124720608
2023,"female",35,55.0983459991059
2023,"female",40,57.1019222172553
2023,"female",45,88.1573535985695
2023,"female",50,86.1537773804202
2023,"female",55,133.237818506929
2023,"female",60,183.327223960662
2023,"female",65,184.329012069736
2023,"female",70,224.400536432722
2023,"female",75,255.455967814037
2023,"female",80,279.498882431828
2023,"female",85,505.9029950827
2024,"female",0,31.0426409903714
2024,"female",1,11.0151306740028
2024,"female",5,5.00687757909216
2024,"female",10,7.00962861072902
2024,"female",15,16.0220082530949
2024,"female",20,27.0371389270977
2024,"female",25,39.0536451169188
2024,"female",30,52.0715268225585
2024,"female",35,53.0729023383769
2024,"female",40,60.0825309491059
2024,"female",45,93.1279229711142
2024,"female",50,93.1279229711142
2024,"female",55,149.204951856946
2024,"female",60,169.232462173315
2024,"female",65,187.257221458047
2024,"female",70,224.308115543329
2024,"female",75,232.319119669876
2024,"female",80,248.341127922971
2024,"female",85,485.667125171939
